[
{
    "id": 1,
    "question":"Doping Hafıza nedir?",
    "answer1": "Doping Hafıza TYT-AYT-LGS-KPSS ve DGS sınavlarına hazırlık aşamasında öğrencilerin çağı yakalayan online eğitim yöntemleri ve yapay zeka teknolojisini kullanarak etkili sonuçlar aldığı bir online eğitim platformudur. ",
    "answer2": " Bu paketlerde Doping Hafıza; hafıza teknikleri ve akıl haritaları gibi öğretim enstrümanlarının yanı sıra yapay zeka destekli akıllı test paneli, çalışma programı desteği, infografikler, rehberlik videoları ve Reflekslerle Matematik ile Serüvenlerle Fen Bilimleri gibi sayısal dersler özelinde geliştirdiği konseptleri ile öğrenciler için doğru bir adres olma kimliğini göstermektedir.",
    
    "video":""
  },
 
  {
    "id": 2,
    "question":"Online eğitim ile bu derece ciddi bir sınava hazırlanmak doğru mu?",
    "answer": "Doping Hafıza TYT-AYT-LGS-KPSS ve DGS sınavlarına hazırlık aşamasında öğrencilerin çağı yakalayan online eğitim yöntemleri ve yapay zeka teknolojisini kullanarak etkili sonuçlar aldığı bir online eğitim platformudur. Doping Hafıza bünyesinde YKS, KPSS, LGS ve DGS'ye online hazırlık paketleri bulunmaktadır. Bu paketlerde Doping Hafıza; hafıza teknikleri ve akıl haritaları gibi öğretim enstrümanlarının yanı sıra yapay zeka destekli akıllı test paneli, çalışma programı desteği, infografikler, rehberlik videoları ve Reflekslerle Matematik ile Serüvenlerle Fen Bilimleri gibi sayısal dersler özelinde geliştirdiği konseptleri ile öğrenciler için doğru bir adres olma kimliğini göstermektedir.",
    "video":""
  },
  {
    "id": 3,
    "question":"Eğitimcilerin ders hakimiyeti, anlatımı ve sundukları ders içerikleri ne ölçüde güvenilir?",
    "answer": "Doping Hafıza TYT-AYT-LGS-KPSS ve DGS sınavlarına hazırlık aşamasında öğrencilerin çağı yakalayan online eğitim yöntemleri ve yapay zeka teknolojisini kullanarak etkili sonuçlar aldığı bir online eğitim platformudur. Doping Hafıza bünyesinde YKS, KPSS, LGS ve DGS'ye online hazırlık paketleri bulunmaktadır. Bu paketlerde Doping Hafıza; hafıza teknikleri ve akıl haritaları gibi öğretim enstrümanlarının yanı sıra yapay zeka destekli akıllı test paneli, çalışma programı desteği, infografikler, rehberlik videoları ve Reflekslerle Matematik ile Serüvenlerle Fen Bilimleri gibi sayısal dersler özelinde geliştirdiği konseptleri ile öğrenciler için doğru bir adres olma kimliğini göstermektedir.",
    "video":""
  },

  {
    "id": 4,
    "question":"Doping Hafıza’yı satın almadan neye benzediğini nasıl görebilirim?",
    "answer": "Doping Hafıza TYT-AYT-LGS-KPSS ve DGS sınavlarına hazırlık aşamasında öğrencilerin çağı yakalayan online eğitim yöntemleri ve yapay zeka teknolojisini kullanarak etkili sonuçlar aldığı bir online eğitim platformudur. Doping Hafıza bünyesinde YKS, KPSS, LGS ve DGS'ye online hazırlık paketleri bulunmaktadır. Bu paketlerde Doping Hafıza; hafıza teknikleri ve akıl haritaları gibi öğretim enstrümanlarının yanı sıra yapay zeka destekli akıllı test paneli, çalışma programı desteği, infografikler, rehberlik videoları ve Reflekslerle Matematik ile Serüvenlerle Fen Bilimleri gibi sayısal dersler özelinde geliştirdiği konseptleri ile öğrenciler için doğru bir adres olma kimliğini göstermektedir.",
    "video":""
  },
  {
    "id": 5,
    "question":"Doping Hafıza’yı neden sadece 2 farklı cihazda kullanabiliyorum?",
    "answer": "Doping Hafıza TYT-AYT-LGS-KPSS ve DGS sınavlarına hazırlık aşamasında öğrencilerin çağı yakalayan online eğitim yöntemleri ve yapay zeka teknolojisini kullanarak etkili sonuçlar aldığı bir online eğitim platformudur. Doping Hafıza bünyesinde YKS, KPSS, LGS ve DGS'ye online hazırlık paketleri bulunmaktadır. Bu paketlerde Doping Hafıza; hafıza teknikleri ve akıl haritaları gibi öğretim enstrümanlarının yanı sıra yapay zeka destekli akıllı test paneli, çalışma programı desteği, infografikler, rehberlik videoları ve Reflekslerle Matematik ile Serüvenlerle Fen Bilimleri gibi sayısal dersler özelinde geliştirdiği konseptleri ile öğrenciler için doğru bir adres olma kimliğini göstermektedir.",
    "video":""
  },
  {
    "id":6,
    "question":"Seneler alan eğitimleri saatlerle ifade edilen sürelerde veriyorsunuz. Bu nasıl oluyor?",
    "answer": "Doping Hafıza TYT-AYT-LGS-KPSS ve DGS sınavlarına hazırlık aşamasında öğrencilerin çağı yakalayan online eğitim yöntemleri ve yapay zeka teknolojisini kullanarak etkili sonuçlar aldığı bir online eğitim platformudur. Doping Hafıza bünyesinde YKS, KPSS, LGS ve DGS'ye online hazırlık paketleri bulunmaktadır. Bu paketlerde Doping Hafıza; hafıza teknikleri ve akıl haritaları gibi öğretim enstrümanlarının yanı sıra yapay zeka destekli akıllı test paneli, çalışma programı desteği, infografikler, rehberlik videoları ve Reflekslerle Matematik ile Serüvenlerle Fen Bilimleri gibi sayısal dersler özelinde geliştirdiği konseptleri ile öğrenciler için doğru bir adres olma kimliğini göstermektedir."

  }
]
