[
    {
        "id":1,
        "header":"Genel Konular",
        "title1":"Doping Hafıza",
        "title2":"Hakkımızda",
        "title3":"Hafıza Teknikleri",
        "title4":"Reflekslerle Matematik",
        "title5":"Serüvenlerle Fen"
       
      

    },
    {
        "id":2,

        "header":"Genel Konular",
        "title1":"Doping Hafıza",
        "title2":"Hakkımızda",
        "title3":"Hafıza Teknikleri",
        "title4":"Reflekslerle Matematik",
        "title5":"Serüvenlerle Fen"

    }, {
        "id":3,

        "header":"Genel Konular",
        "title1":"Doping Hafıza",
        "title2":"Hakkımızda",
        "title3":"Hafıza Teknikleri",
        "title4":"Reflekslerle Matematik",
        "title5":"Serüvenlerle Fen"

    }, {
        "id":4,

        "header":"Genel Konular",
        "title1":"Doping Hafıza",
        "title2":"Hakkımızda",
        "title3":"Hafıza Teknikleri",
        "title4":"Reflekslerle Matematik",
        "title5":"Serüvenlerle Fen"

    }
]